<?xml version="1.0" encoding="utf-8" ?>
<dwsync>
<file name="bootstrap.min.css" server="C:/XAMPP/htdocs/elie`cious" local="130343184700000000" remote="130343184700000000" />
<file name="font-awesome.min.css" server="C:/XAMPP/htdocs/elie`cious" local="130343184700000000" remote="130343184700000000" />
<file name="prettyPhoto.css" server="C:/XAMPP/htdocs/elie`cious" local="130343184700000000" remote="130343184700000000" />
<file name="price-range.css" server="C:/XAMPP/htdocs/elie`cious" local="130355531880000000" remote="130355531880000000" />
<file name="animate.css" server="C:/XAMPP/htdocs/elie`cious" local="130394052500000000" remote="130394052500000000" />
<file name="main.css" server="C:/XAMPP/htdocs/elie`cious" local="130443464220000000" remote="130443464220000000" />
<file name="responsive.css" server="C:/XAMPP/htdocs/elie`cious" local="130438479320000000" remote="130438479320000000" />
<file name="bootstrap.min.css" server="C:/XAMPP/htdocs/eliecious/" local="130343184700000000" remote="130343184700000000" />
<file name="font-awesome.min.css" server="C:/XAMPP/htdocs/eliecious/" local="130343184700000000" remote="130343184700000000" />
<file name="prettyPhoto.css" server="C:/XAMPP/htdocs/eliecious/" local="130343184700000000" remote="130343184700000000" />
<file name="price-range.css" server="C:/XAMPP/htdocs/eliecious/" local="130355531880000000" remote="130355531880000000" />
<file name="animate.css" server="C:/XAMPP/htdocs/eliecious/" local="130394052500000000" remote="130394052500000000" />
<file name="main.css" server="C:/XAMPP/htdocs/eliecious/" local="130443464220000000" remote="130443464220000000" />
<file name="responsive.css" server="C:/XAMPP/htdocs/eliecious/" local="130438479320000000" remote="130438479320000000" />
</dwsync>