<?xml version="1.0" encoding="utf-8" ?>
<dwsync>
<file name="searchicon.png" server="C:/XAMPP/htdocs/elie`cious" local="130354570420000000" remote="130354570420000000" />
<file name="logo.png" server="C:/XAMPP/htdocs/elie`cious" local="130353661960000000" remote="130353661960000000" />
<file name="iframe1.png" server="C:/XAMPP/htdocs/elie`cious" local="130717196429144750" remote="130717196420000000" />
<file name="iframe2.png" server="C:/XAMPP/htdocs/elie`cious" local="130439110620000000" remote="130439110620000000" />
<file name="iframe3.png" server="C:/XAMPP/htdocs/elie`cious" local="130439110620000000" remote="130439110620000000" />
<file name="iframe4.png" server="C:/XAMPP/htdocs/elie`cious" local="130439110620000000" remote="130439110620000000" />
<file name="map.png" server="C:/XAMPP/htdocs/elie`cious" local="130354436780000000" remote="130354436780000000" />
<file name="banner.jpg" server="C:/XAMPP/htdocs/elie`cious" local="130704767093045243" remote="130704767090000000" />
<file name="feedback1.jpg" server="C:/XAMPP/htdocs/elie`cious" local="130717273827191665" remote="130717273820000000" />
<file name="feedback2.jpg" server="C:/XAMPP/htdocs/elie`cious" local="130717274786556537" remote="130717274780000000" />
<file name="feedback3.jpg" server="C:/XAMPP/htdocs/elie`cious" local="130717276679764822" remote="130717276670000000" />
<file name="feedback4.jpg" server="C:/XAMPP/htdocs/elie`cious" local="130717277688642527" remote="130717277680000000" />
<file name="searchicon.png" server="C:/XAMPP/htdocs/eliecious/" local="130354570420000000" remote="130354570420000000" />
<file name="banner.jpg" server="C:/XAMPP/htdocs/eliecious/" local="130704767093045243" remote="130704767090000000" />
<file name="feedback1.jpg" server="C:/XAMPP/htdocs/eliecious/" local="130717273827191665" remote="130717273820000000" />
<file name="feedback2.jpg" server="C:/XAMPP/htdocs/eliecious/" local="130717274786556537" remote="130717274780000000" />
<file name="feedback3.jpg" server="C:/XAMPP/htdocs/eliecious/" local="130717276679764822" remote="130717276670000000" />
<file name="feedback4.jpg" server="C:/XAMPP/htdocs/eliecious/" local="130717277688642527" remote="130717277680000000" />
</dwsync>