<?xml version="1.0" encoding="utf-8" ?>
<dwsync>
<file name="jquery.js" server="C:/XAMPP/htdocs/elie`cious" local="130343184700000000" remote="130343184700000000" />
<file name="price-range.js" server="C:/XAMPP/htdocs/elie`cious" local="130355526920000000" remote="130355526920000000" />
<file name="jquery.scrollUp.min.js" server="C:/XAMPP/htdocs/elie`cious" local="130439048620000000" remote="130439048620000000" />
<file name="bootstrap.min.js" server="C:/XAMPP/htdocs/elie`cious" local="130343184700000000" remote="130343184700000000" />
<file name="jquery.prettyPhoto.js" server="C:/XAMPP/htdocs/elie`cious" local="130343184700000000" remote="130343184700000000" />
<file name="main.js" server="C:/XAMPP/htdocs/elie`cious" local="130443464460000000" remote="130443464460000000" />
<file name="jquery.js" server="C:/XAMPP/htdocs/eliecious/" local="130343184700000000" remote="130343184700000000" />
<file name="bootstrap.min.js" server="C:/XAMPP/htdocs/eliecious/" local="130343184700000000" remote="130343184700000000" />
<file name="jquery.scrollUp.min.js" server="C:/XAMPP/htdocs/eliecious/" local="130439048620000000" remote="130439048620000000" />
<file name="jquery.prettyPhoto.js" server="C:/XAMPP/htdocs/eliecious/" local="130343184700000000" remote="130343184700000000" />
<file name="main.js" server="C:/XAMPP/htdocs/eliecious/" local="130443464460000000" remote="130443464460000000" />
<file name="price-range.js" server="C:/XAMPP/htdocs/eliecious/" local="130355526920000000" remote="130355526920000000" />
</dwsync>